first_name,last_name,gender,age,salary
Kimbra,Ballentime,Female,33,53090
Alla,Spehr,Female,57,20307
Alaric,Hickin,Male,30,94818
Merell,Muscat,Male,52,25936
Sidnee,Edmans,Male,44,26158
Michel,Sidebottom,Male,23,87916
Althea,Keenleyside,Female,76,39178
Cart,Gerhartz,Male,36,82696
Meredeth,Groveham,Male,50,62105
Ludvig,Dunsford,Male,68,45382
Saundra,Ebden,Male,30,27305
Porty,Stone,Male,27,69830
Bennie,Doerr,Female,18,10487
Rosanne,Shakespeare,Female,41,44329
Annadiane,Gronou,Female,43,34159
Meriel,Larmor,Female,55,88554
Nikolaus,Harder,Male,54,30379
Andros,Sartain,Male,30,42717
Drucill,Karlqvist,Genderfluid,21,58847
Jaquenette,Trowsdale,Female,73,99332
Junie,Benge,Female,74,34639
Mendel,Harty,Male,74,63676
Ricki,Southwood,Female,79,14521
Hugh,Park,Male,66,50869
Calv,Rogier,Male,46,59134
Timothea,Spender,Female,37,23351
Wendell,Roscrigg,Male,61,65686
Quinlan,Matfield,Male,43,58546
Blithe,Trainor,Female,64,34795
Ammamaria,Eddowes,Female,18,80153
Rey,Amberger,Female,37,85822
Liana,Beviss,Female,28,55849
Taber,Di Carlo,Male,72,23867
Kristal,Jamme,Female,56,26382
Hetti,Gianuzzi,Female,52,64330
Lionel,Hiscoe,Male,48,92350
Sheffie,Cull,Male,41,35967
Guenevere,O'Daly,Female,79,56383
George,Valenta,Male,42,87627
Hazel,Ragbourne,Male,33,76259
Cacilie,Scully,Female,70,16035
Shelden,Parslow,Male,56,77058
Nathaniel,Tebbit,Bigender,68,82639
Rodney,Martina,Male,47,29794
Tab,Owenson,Male,47,15307
Norton,Date,Male,15,88109
Darius,Ringe,Male,79,49050
Gare,Earwicker,Genderqueer,42,36820
Ferrel,Martensen,Male,42,74457
Rafaela,Velde,Female,39,78172
Marillin,Hairon,Female,66,75676
Margarette,Aherne,Female,74,59790
Stormy,Duckham,Female,36,74420
Silva,Bottleson,Female,59,49288
Elden,Stucke,Male,58,69488
Doralynn,Nusche,Female,47,65028
Franklin,Counter,Male,50,38668
Cheryl,Paddle,Female,34,71285
Francene,McGougan,Female,69,10144
Evelyn,Worshall,Male,16,29295
Cassie,Anthoine,Female,15,50761
Onofredo,Yare,Male,54,41683
Lexi,Beldom,Female,20,88239
Packston,Leisman,Male,57,76952
Trixi,Bowld,Female,18,43464
Ozzy,Ginnane,Male,21,19716
Gabbie,Berrill,Male,50,19935
Jessalin,Averall,Female,33,91197
Pandora,Renney,Female,64,34676
Lani,Archer,Female,27,96688
Ruthe,Aucoate,Female,52,97772
Marietta,Clifton,Male,58,75885
Crosby,Couser,Male,37,70925
Brig,Braam,Male,54,81152
Douglass,Varty,Male,26,58176
Batsheva,Iskov,Female,75,56954
Ferdinanda,Oxbe,Female,66,19042
Taryn,Strase,Female,39,13070
Halsy,Hindenburg,Male,69,11876
Ian,Toquet,Male,34,92748
Christen,Placidi,Female,55,49330
Wilek,Paten,Male,15,12729
Wiley,McDell,Male,20,62420
Welby,Longhorn,Male,78,37493
Shayla,Redgrove,Female,31,89644
Glenda,Sandeman,Female,60,87466
Pavia,Grigaut,Female,39,59907
Bryana,Franscioni,Female,35,10851
Stevana,Foxhall,Female,58,63453
Bernita,Harrowell,Female,57,40707
Josh,Perago,Male,47,75194
Ode,Terrazzo,Male,33,11469
Gabriello,Yewdell,Male,65,85296
Ximenez,Rable,Male,43,59338
Ced,Corton,Male,38,26186
Egbert,Iddens,Male,50,50754
Kory,Rubinfeld,Male,80,49449
Chloris,Mayers,Female,20,17637
Nichol,Pea,Female,59,15417
Meta,Archard,Female,35,67244
Dannie,Cavalier,Female,51,99897
Langsdon,Chastelain,Male,42,88324
Brittni,Pawlata,Genderfluid,18,32439
Joey,Ovens,Male,28,92762
Teddy,Hurlestone,Female,42,13540
Malcolm,Leeburne,Male,65,84934
Robinet,Hammerich,Male,28,57645
Dame,Dodd,Male,25,56318
Hertha,Galvan,Female,23,97382
Wilow,Faunt,Bigender,44,99842
Zane,Matchett,Male,78,73358
Trula,Martinson,Female,45,46539
Farly,Dornan,Male,50,96269
Kyle,Seedhouse,Polygender,44,50114
Wat,Pinhorn,Male,21,78880
Alford,McPhee,Male,26,85062
Piggy,Goulston,Male,63,22714
Halie,Newlands,Female,52,27878
Farah,MacGibbon,Female,30,34975
Teodorico,Dignall,Genderqueer,23,29985
Skipton,Kilmaster,Male,20,37388
Kimberlee,Pinner,Female,15,22896
Morganne,Staterfield,Female,69,37260
Cobbie,O'Donoghue,Male,73,93388
Urson,Baselli,Male,76,63236
Karlens,De Michetti,Male,79,75624
Graeme,Gresser,Male,64,61143
Maribelle,Goundry,Female,34,84828
Krishnah,Uppett,Male,64,79899
Arly,Shuxsmith,Female,73,24429
Darrin,Lefwich,Polygender,77,83409
Giorgi,Blankau,Male,78,48853
Karilynn,Lombardo,Female,22,41218
Durant,Thresh,Male,50,75160
Noble,Hannum,Male,66,74602
Dalis,Larvin,Male,65,74769
Emmeline,Blezard,Female,35,15980
Malinda,Beazleigh,Female,40,82353
Dru,Carr,Female,58,32852
Griz,Petrina,Male,19,81744
Rivy,Gilfether,Female,73,35202
Myrwyn,Phelp,Male,75,93945
Mareah,Mylan,Female,52,44425
Alethea,Thorlby,Genderfluid,23,75937
Corinna,Putland,Female,61,35406
Alard,Ladds,Genderqueer,77,65736
Marijo,Leslie,Female,26,81029
Maddy,Poone,Male,19,46494
Myrvyn,Gummary,Male,53,85818
Jasmin,Lansberry,Female,16,74765
Gerrie,Somes,Male,38,68288
Griffy,Scamp,Male,49,55194
Patsy,Skatcher,Male,48,63105
Yelena,Cluderay,Female,50,46007
Carmine,Belsey,Male,46,78725
Magdalena,Rubury,Female,16,77547
Gwynne,Casolla,Female,77,93741
Carma,Pattison,Female,29,77812
Giovanna,O'Tierney,Female,22,30635
Cyrille,Fewell,Agender,38,23835
Stormie,Greedier,Female,46,53723
Corabelle,Thaxter,Polygender,33,48942
Alexandro,Pleager,Male,30,55151
Magdaia,Clifforth,Polygender,61,98512
Nara,Overstone,Female,45,98932
Philip,Ahrend,Male,69,66040
Kizzie,Bellay,Female,32,72321
Avictor,Cubbit,Male,54,71416
Georgia,Germon,Female,65,28520
Angelle,Rouchy,Female,50,21059
Emmit,Renzini,Male,43,54879
Sallee,Skala,Female,54,98580
Mario,Flori,Male,55,92646
Angelo,Holleworth,Male,17,91644
Haskell,Foulkes,Male,33,12640
Margaretta,Ballantine,Female,38,47882
Abbi,Pawlicki,Female,27,98562
Kevon,MacCoughan,Male,52,49576
Dani,Crossingham,Female,22,79805
Kendall,Spikins,Polygender,24,94872
Victor,Stronack,Male,17,83609
Raye,Feilden,Female,26,89193
Brana,Whylie,Female,19,50210
Glenden,Neachell,Male,57,16209
Jerry,Withur,Female,34,20012
Emmi,Lobley,Female,26,32316
Doris,Katt,Female,58,24128
Alaster,Acreman,Male,65,38976
Doe,Huckell,Female,39,50521
Ron,Olle,Male,19,78858
Jeramie,Worham,Male,77,41507
Cher,Lared,Female,38,38381
Bevvy,Delong,Female,18,44315
Rosamund,Haddow,Genderqueer,70,10809
Flin,Costain,Male,35,56605
Eustacia,Minton,Female,50,51080
Mallory,Mathan,Female,37,21774
Angel,Craddock,Male,68,62142
Dew,Alphonso,Male,35,78099
Henrik,Woodings,Male,31,21168
Suzy,Scolli,Female,19,55400
Brockie,O'Dowd,Male,41,44501
Gayleen,Sketchley,Female,52,69596
Hedda,Lukehurst,Female,39,65938
Regine,Pettegre,Female,23,84509
Warner,Brummell,Male,45,87639
Elsinore,Caunt,Female,61,84420
Kelsy,Goom,Female,52,65840
Dillie,Rzehor,Male,38,11780
Lenore,Semorad,Genderfluid,18,26648
Vivianne,Jarmain,Female,49,76090
Bartholomeus,Poff,Male,40,41409
Paquito,Tollfree,Male,24,77483
Salvidor,Kewley,Male,60,11377
Allix,Cartmale,Female,17,50386
Terrie,Turrill,Female,22,62211
Jorgan,Maddy,Male,75,72868
Frans,Fumagall,Agender,79,35282
Norton,Huett,Male,69,94462
Filmore,Lamp,Male,21,97358
Davidson,Dark,Male,34,88063
Lazarus,Thickin,Male,63,48046
Sherwynd,Cottle,Male,53,19182
Joseito,Iwanczyk,Male,38,25009
Gabbie,Billings,Genderqueer,73,89047
Lindy,De Pero,Male,58,95010
Torie,Grogan,Female,80,27839
Vittorio,Meldrum,Male,61,90378
Yurik,Edbrooke,Male,33,97461
Gena,Lapish,Female,31,29511
Mohandis,Brosenius,Male,73,32973
Jehanna,Tune,Female,42,75263
Zondra,Arkill,Female,30,46761
Minta,Bursnoll,Female,17,56158
Larissa,Rickardsson,Female,30,68715
Ranee,McWhorter,Bigender,49,29603
Dorothee,Eate,Female,68,81762
Pearce,Brumwell,Male,45,99570
Clareta,Propper,Female,30,90530
Eddy,Fulcher,Female,55,10709
Lira,Kharchinski,Female,43,41132
Hazlett,Spellward,Male,80,69641
Mara,Grafom,Female,46,26304
Anjela,Jennick,Female,28,80884
Brody,Stroud,Male,70,22622
Abie,Antonignetti,Male,19,81230
Franklyn,Gallichiccio,Male,67,59066
Kordula,Ludlem,Female,60,56738
Ramon,Michelotti,Male,49,61321
Daniel,Ovendon,Male,16,60767
Nester,Siege,Male,19,87874
Harlan,Rosenqvist,Male,26,72130
Stewart,Batch,Male,46,42913
Devin,Roycraft,Male,76,82457
Jerrold,Kingsland,Male,29,81364
Tasha,Bryson,Female,59,12241
Petronilla,Summerlee,Female,79,46254
Bengt,Vernon,Male,38,11216
Catina,Simonelli,Female,38,12147
Sapphira,Kleeborn,Female,15,85397
Rheba,Alywen,Female,55,44888
Wilt,Gillooly,Male,37,48687
Luciano,Povele,Male,26,10486
Curran,Ughini,Male,38,66185
Evonne,Guerola,Female,49,58559
Monica,Monan,Female,45,26083
Christalle,Bomb,Female,74,81531
Cirstoforo,Jelley,Male,70,44542
Ainslee,Draaisma,Female,41,65929
Jodie,De Benedictis,Agender,33,99633
Dominic,Buggs,Non-binary,56,17958
Gabrielle,Curbishley,Female,26,31157
Gayleen,Albisser,Female,74,14868
Denny,China,Male,79,79149
Ellwood,Brunger,Male,18,80533
Cheslie,Puleston,Female,49,38744
Shurlock,Burchard,Male,74,73791
Zarla,McSporrin,Female,21,66968
Jada,Norssister,Female,48,52399
Donnell,Normavill,Male,33,65674
Mar,Bierling,Male,54,30065
Lavinie,Shark,Female,56,59800
Delia,Sabati,Female,53,51474
Alexi,Cottie,Female,26,82188
Leesa,Woodrough,Female,32,62268
Batsheva,Wolfit,Female,74,44574
Myca,Fawssett,Male,73,95665
Marissa,Severs,Female,49,60309
Boone,Dibdin,Male,27,39151
Babs,Hamson,Female,23,45767
Petronilla,Cowlard,Genderqueer,52,17841
Vicky,Mayfield,Female,18,25519
Corenda,Southward,Female,54,48076
Theobald,Worvell,Bigender,20,20545
Iggie,Dendon,Genderfluid,16,89339
Silvie,Beentjes,Female,31,77870
Prudi,Lievesley,Bigender,55,65957
Wilona,Romeuf,Female,73,31873
Saunderson,Bernocchi,Male,41,34975
Conant,Skellon,Male,22,95433
Dick,Goranov,Male,37,55793
Olivia,Wilsher,Female,34,65184
Kenton,Battison,Male,65,13729
Lenka,Di Bernardo,Genderfluid,57,87473
Lida,Faherty,Female,43,74098
Alden,Valentin,Male,16,85447
Cameron,Biddlecombe,Male,52,56719
Franz,Black,Male,20,96745
Arlyn,Blakeley,Female,18,38011
Bevan,Franken,Male,15,25118
Weston,Kubu,Male,70,35754
Mirabella,Gatecliff,Female,72,92104
Phylys,Antczak,Female,68,18898
Cozmo,Dowding,Male,22,54396
Sherwood,Cristofaro,Male,75,36572
Karolina,Claisse,Female,23,23730
Victor,Glendza,Male,27,50677
Shandra,Havvock,Female,77,58469
Gabriel,Alloisi,Male,39,89762
Roberto,De Brett,Male,58,29055
Courtnay,MacDearmont,Male,44,92038
Francoise,Thornhill,Female,44,72771
Elvina,Cymper,Non-binary,77,69691
Morrie,Cote,Male,25,40502
Chan,Gallager,Bigender,43,23185
Jens,Urion,Bigender,69,54651
Lolita,Brien,Female,71,84047
Judas,Baxster,Male,36,81139
Mercie,Porteous,Female,55,74786
Arron,Meade,Male,66,37711
Danya,Mattioli,Male,43,11939
Stephie,Ketchell,Female,45,10930
Amy,Rowberry,Female,63,61003
Bunnie,MacDougal,Female,28,28211
Preston,Di Biagi,Male,71,62851
Alexandros,Phateplace,Male,37,83896
Fernande,Gunthorpe,Female,21,35655
Dorotea,Gadson,Female,46,13700
Dulcinea,Dellit,Female,44,70193
Reggie,Butterworth,Female,36,30523
Brooks,Preator,Male,64,11603
Katey,Normanvill,Female,28,59021
Jerri,Franks,Male,70,77213
Quint,Medgwick,Male,40,63796
West,Franceschino,Male,15,49206
Adolphe,Arney,Male,45,50106
Sondra,Treweela,Female,44,74044
Florentia,Joyes,Female,23,31218
Rhys,Carek,Male,38,54917
Farlay,Speedin,Male,25,90460
Kimble,Ambrogioni,Male,33,52357
Kellby,Parkin,Genderfluid,35,87014
Brockie,Gudde,Male,55,86976
Rockey,Ostridge,Male,54,85068
Audy,Scullin,Genderqueer,59,29114
Jan,Jirusek,Female,42,27925
Miltie,Domke,Male,60,40181
Harrietta,Del Dello,Female,32,28469
Hilly,Newbery,Male,47,45530
Diandra,Falla,Female,65,79666
Beverley,Kalkofen,Bigender,72,74453
Etta,Bunclark,Female,27,17036
Bronnie,Koenen,Male,23,51591
Michaela,Kondratovich,Female,45,52570
Gideon,Pinckney,Male,29,27106
Burke,Cereceres,Male,53,25860
Isadora,Clay,Female,75,65696
Dore,Yeskin,Female,65,74888
Fabian,Gooddy,Male,44,24437
Arlana,Tarpey,Female,31,12793
Ede,Uc,Female,67,12624
Kenna,Zohrer,Female,32,10708
Zak,Kohnen,Genderfluid,80,75785
Edsel,Louca,Male,79,27593
Arleyne,Rhelton,Female,55,15869
Jeramey,Haggus,Male,60,61528
Valentino,Janson,Male,65,37310
Sydney,Allberry,Agender,48,92471
Aveline,Kimblen,Female,39,50972
Meta,Line,Female,54,26545
Wilie,Lorans,Female,61,43126
Talia,Bakey,Female,54,81321
Ado,Vedeshkin,Male,17,71504
Olive,Oxby,Female,49,12751
Goddard,Fain,Male,18,68604
Perl,Brownsett,Polygender,51,38938
Julius,MacNelly,Male,70,24839
Theodoric,Matuszewski,Male,51,43719
Jeff,Jervis,Genderqueer,68,16740
Stephanus,Verick,Non-binary,56,37465
Maryl,Blackly,Female,56,62156
Andria,Matthai,Female,65,86393
Boothe,Handmore,Male,31,57378
Richart,Sabathier,Male,62,23830
Pennie,Goodreid,Male,24,67505
Zuzana,Pegler,Female,71,14410
Rowan,Giraldon,Male,59,52227
Calla,Jaffray,Female,19,36773
Gaspar,Basden,Male,65,67359
Davey,Tock,Male,17,29291
Brantley,Swinfen,Male,29,96914
Frazier,Pursglove,Male,24,65377
Alexio,Bage,Male,77,43009
Neala,Doulton,Female,30,90315
Margot,Becke,Female,64,89652
Erina,Hamblen,Female,50,10169
Ariana,Lyptrade,Female,67,18162
Filberte,Laidler,Male,76,38150
Shelia,Jorry,Female,63,55120
Iggy,Shimmings,Male,48,82703
Whitman,Leirmonth,Male,21,47991
Larissa,Doneld,Female,58,83854
Gypsy,Feavyour,Female,53,68148
Mel,Joannidi,Female,79,10125
Sapphire,Selly,Female,40,72354
Gabrila,Muehler,Female,75,34491
Clarine,Hoston,Female,70,78668
Yasmeen,Cominotti,Female,46,43620
Olwen,Labeuil,Female,20,76385
Elihu,Klausewitz,Male,35,20584
Sheffy,Noir,Male,36,72686
Peyter,Le Cornu,Male,45,52876
Tiebold,Hamblen,Male,61,14705
Max,Spread,Male,23,53137
Gerard,Grolle,Male,44,91000
Zabrina,Quantrell,Female,53,42969
Brander,Blazewski,Male,28,94582
Deloris,Malletratt,Female,37,11581
Harlie,Nyssen,Female,50,30425
Eben,Arnoud,Male,16,94021
Karoly,Maddyson,Male,66,81477
Jasper,Beniesh,Male,43,96672
Cal,Ughelli,Male,70,48537
Chloe,Pincked,Female,15,31103
Devin,Jandl,Male,45,47444
Cesar,Cleave,Male,17,14869
Lanette,Gocher,Polygender,75,29853
Natasha,Peploe,Female,18,83735
Garry,Timpany,Genderqueer,58,68216
Juliette,Martland,Female,43,75457
Catherina,Carwithen,Female,29,46557
Marylin,Veelers,Female,74,78191
Giffard,Grishunin,Male,59,31740
Herrick,Davion,Male,72,71738
Dulcea,Idwal Evans,Female,44,32114
Jenine,L'oiseau,Female,29,97659
Roger,Roscher,Male,20,91979
Mechelle,Martignon,Female,18,11691
Halsey,Cookney,Male,53,79864
Biron,L'Amie,Male,53,54834
Christy,Portch,Female,30,20796
Yorker,Simner,Male,25,79115
Viviana,Laidel,Female,24,87929
Lilian,Rockwill,Female,79,91105
Ethelyn,Loveitt,Female,44,83199
Carleton,Rutherforth,Male,55,26099
Aguste,Sidnall,Male,66,24181
Emily,Brixham,Female,26,24089
Tawsha,Emblem,Female,46,95937
Caprice,Rosenkrantz,Agender,47,36754
Gib,O'Connor,Male,66,37859
Hedi,Szwandt,Female,39,83082
Rene,Loweth,Male,26,16865
Jojo,Loving,Non-binary,59,60218
Sisile,Hallawell,Female,27,71240
Arlen,Ochterlony,Male,79,42306
Rice,Strettell,Male,65,58096
Constancy,Brabben,Female,45,51444
Ron,Popescu,Male,68,28957
Edd,Lamke,Male,49,76965
Del,Dahlen,Female,78,74260
Aylmar,Foster-Smith,Male,62,40308
Ebeneser,Gribben,Male,57,55734
Kerrill,Batteson,Female,67,46228
Lenora,Finnigan,Female,60,16675
Stacy,Follis,Male,39,18689
Taite,Simyson,Male,36,28710
Winnie,Shawley,Male,52,28144
Gian,Blinckhorne,Male,65,15817
Chery,Winwright,Female,41,44038
Dorise,Cuxon,Female,31,74969
Rafferty,Waddilow,Male,74,17826
Constantine,Cowdrey,Male,44,58308
Flory,Bendall,Genderqueer,64,92834
Olivie,Ackeroyd,Female,78,91007
Sven,Kopacek,Male,41,58126
Witty,Savege,Male,52,79807
Lavena,Cowey,Female,57,86547
Lemmie,Patman,Male,47,76755
Michelina,Mongin,Female,15,61755
Joye,Chazelle,Female,43,51317
Wallis,Devote,Female,54,41150
Trixi,Sollis,Female,36,85080
Stevy,de Marco,Male,17,67744
Sabra,Kamena,Non-binary,64,73141
Roscoe,Cockshott,Male,26,60891
Ringo,Tetla,Male,71,17915
Boonie,Ortner,Male,48,77136
Veronike,Watson,Female,20,86464
Viva,Kupper,Female,21,11803
Ransell,Rodgerson,Male,42,58764
Claudelle,Harty,Female,69,81247
Randie,Osment,Male,36,54368
Alanson,Bentote,Male,21,13256
Marin,Stockdale,Female,53,91240
Tisha,De La Coste,Female,22,45561
Merle,Spuffard,Male,75,63789
Ruperto,Riggert,Male,63,12381
Frederica,Mixhel,Female,35,98247
Staford,Corson,Male,23,56681
Isidore,Agge,Male,26,15647
Nolly,Sambidge,Male,79,12069
Mirabella,Linder,Female,41,58766
Igor,Jermin,Male,15,30372
Tammi,Sooley,Female,47,27691
Blinni,Attwill,Bigender,22,64806
Barnard,Feldmus,Male,57,82514
Rena,Wareing,Female,26,93260
Llewellyn,Salmons,Male,65,63564
Mace,Blyth,Male,25,44868
Dorine,Ellington,Female,70,66412
Midge,Scarr,Female,25,28835
Aylmar,O'Ferris,Male,74,30656
Huntington,Lavalle,Male,50,76413
Garvin,Colwell,Genderfluid,45,50642
Liza,McAreavey,Female,74,67429
Kikelia,Bisgrove,Female,48,43324
Renato,Gimson,Male,66,65315
Edyth,Stansall,Female,47,14475
Max,Lindermann,Female,30,42256
Anna-diana,Pietruschka,Female,63,91489
Myrilla,Bunhill,Female,61,79833
Nettle,Collingham,Female,61,87904
Chauncey,Foad,Male,25,77535
Loella,Grundle,Female,35,74637
Roman,Casiero,Male,48,14162
Coleen,Mogridge,Female,53,76658
Carole,Godball,Female,35,77402
Kissie,Bowshire,Female,35,43030
Leanna,Jeram,Female,52,85882
Raimund,Taffs,Male,26,79841
Gilbert,Casine,Male,50,94019
Rufe,Danslow,Male,77,63014
Spence,Indgs,Male,61,12409
Horacio,Everil,Male,17,70256
Faythe,Lethbrig,Female,19,66506
Teena,McBrady,Female,20,51946
Crawford,Iddons,Male,52,55759
Leah,Hedworth,Female,28,93090
Gustie,Loins,Female,71,53696
Pamelina,Stonary,Female,27,78361
Otis,Wickey,Male,31,30715
Bertina,Heck,Female,40,33952
Margareta,Falkinder,Female,30,94970
Dahlia,Hillock,Bigender,26,67710
Maribelle,Vedyaev,Female,18,33347
Ashlen,Polotti,Female,23,87361
Walden,Child,Male,63,22114
Virginia,McLeod,Agender,54,22175
Peg,Meininger,Bigender,54,34999
Carmelina,Sinnott,Agender,45,90530
Celeste,Briggs,Female,16,51891
Andromache,Gregg,Female,51,82707
Arnuad,Matteuzzi,Male,60,15359
Valentine,Bienvenu,Male,23,67449
Sherie,Branwhite,Female,61,79280
Mureil,Sumnall,Female,40,44924
Birgit,Elnor,Non-binary,78,40997
Niels,Blakely,Male,64,79360
Howie,Udden,Male,55,47282
Jillian,Perigo,Female,50,55552
Lenci,Nicholson,Male,36,70020
Bambie,Van Dale,Female,54,15314
Noach,Plomer,Male,37,55573
Leisha,Taffs,Female,46,10251
Rees,Capper,Male,38,24714
Michaella,Abby,Female,48,49045
Marleen,O' Scallan,Agender,80,79321
Eugenius,Bonnar,Male,49,59956
Marga,Halsey,Female,20,64798
Wilhelmine,Adamoli,Female,50,33848
Mayer,Figgen,Male,63,37492
Ynes,Beese,Polygender,52,69818
Normie,Challace,Male,25,58502
Myrtice,Fuggle,Female,24,12127
Babara,Mesias,Female,17,69400
Calli,Bage,Female,48,53875
Gussie,Cranney,Female,42,49212
Therese,Gilhool,Female,46,41456
Aveline,Seemmonds,Female,15,80914
Gertie,McCrum,Female,51,37988
Lionel,Troucher,Male,77,86387
Tedd,Mark,Male,51,55015
Krissy,Birchall,Female,78,36034
Bobbie,Eberst,Female,80,95451
Jordon,Brosenius,Male,25,68638
Hirsch,Von Gladbach,Male,73,66496
Bethena,Willerton,Female,58,77832
Sigismondo,Boulton,Male,56,67787
Gunther,Prentice,Genderqueer,59,96607
Elora,Peele,Female,59,14735
Bat,Pond-Jones,Male,63,25452
Maridel,Lafont,Agender,21,93265
Munroe,Corry,Male,26,82764
Beatrix,Falvey,Female,56,73244
Ber,Valler,Male,32,72469
Ingra,Baldazzi,Male,40,73047
Kandy,Pitkeathly,Female,32,29461
Juana,Cowdry,Female,41,16633
Allie,Heersma,Female,18,57043
Alvan,Zavittieri,Male,63,62097
Der,Marvelley,Male,18,30299
Elvis,Scholard,Male,22,64245
Reynolds,Storek,Male,72,81072
Franciska,Banger,Female,22,69311
Torie,Joppich,Female,74,26490
Calhoun,Cavie,Male,31,48256
Thurstan,Netherwood,Male,69,44684
Bern,Belamy,Male,74,53754
Gino,Paraman,Male,59,57037
Henriette,Burburough,Genderqueer,76,10869
Con,Bragge,Male,25,15875
Corly,Rubinchik,Female,32,26927
Itch,Schorah,Male,59,14731
Tressa,Bussell,Agender,44,19385
Lisle,Cauley,Male,28,77807
Salomi,Davet,Female,67,95477
Jimmy,de Clerk,Male,24,71578
Hastings,Ioan,Male,34,43545
Julissa,Dregan,Female,67,60561
Lynne,Shovelton,Female,42,60931
Mirabella,Plume,Female,68,19450
Kenny,Trematick,Male,72,18236
Hugues,Sebastian,Male,75,30956
Sullivan,Brandone,Male,63,41464
Umberto,Rust,Male,73,49472
Jorgan,McKerron,Male,44,95007
Elston,Brackpool,Male,51,83336
Emmaline,Puckinghorne,Female,63,58068
Agnes,Laslett,Female,76,30147
Natka,Wollacott,Bigender,71,51636
Natty,Pendreigh,Female,49,30622
Seth,Wainwright,Male,49,53883
Simone,Thomesson,Female,64,73858
Saraann,Antoszewski,Female,66,79904
Noach,McBlain,Male,44,59797
Maia,Sweetsur,Female,22,67787
Keefe,Hanwell,Male,49,30670
Godfree,Cottill,Male,43,98502
Lise,Pavett,Female,65,27142
Karlotte,Pechacek,Female,38,90662
Rollins,Senescall,Male,72,38634
Daven,Besemer,Male,73,61216
Pryce,Frango,Male,75,64892
Babs,Weekland,Female,56,19487
Cassaundra,Southcomb,Female,47,14182
Andra,Jodlowski,Female,23,50839
Dru,Haffner,Male,63,18530
Nettle,Tourle,Female,19,49428
Gaelan,Aspling,Male,42,63370
Mischa,Rudiger,Male,71,85408
Andris,Baudouin,Male,64,87918
Quill,Fishby,Male,77,73417
Gloriane,Scates,Female,38,41410
Ernst,Brooker,Male,56,89548
Bronson,Botley,Male,37,66045
Winston,Mangenet,Male,56,38161
Phebe,Beltzner,Female,39,83841
Graham,Carnduff,Male,75,76356
Ilsa,Yaxley,Female,78,44995
Boris,Graham,Male,17,21988
Gerladina,Simounet,Female,41,73520
Maribelle,Outibridge,Female,35,98712
Burtie,Faunt,Male,27,36605
Veronica,Dod,Female,79,29397
Rad,Bouttell,Male,21,11090
Ellary,Burfitt,Non-binary,48,44620
Gena,Burchett,Female,78,83297
Lela,Birdis,Female,70,76426
Ann-marie,Colombier,Agender,62,44767
Amalie,Cready,Female,45,21509
Burl,Fedorski,Male,28,81154
Cleavland,Cheyne,Male,72,61332
Zondra,Shurlock,Female,78,92096
Pall,Kinzett,Male,36,82041
Aggi,Foskin,Female,77,74114
Katie,Wontner,Female,67,64784
Petra,Tesche,Female,78,92131
Stafford,Anthon,Male,18,65205
Loren,Bukowski,Male,44,70464
Sibbie,Foxten,Female,67,75162
Collen,Adds,Female,36,97897
Goldia,Boyford,Genderfluid,55,64338
Kin,Ellacombe,Male,68,20411
Derk,de Mullett,Male,23,82526
Louis,Colby,Male,29,32135
Broderick,Bresner,Male,64,44087
Greg,Merkel,Male,29,81220
Zebulen,Enders,Male,44,80069
Gay,Carillo,Female,53,61753
Kiri,Trye,Female,76,13556
Jamison,Derham,Male,27,90709
Layla,Mattaus,Female,70,19461
Flem,Mostyn,Male,18,52837
Stefano,Marston,Male,31,31831
Berny,Staff,Female,67,74731
Deva,Santen,Female,53,17548
Gustave,McLoney,Male,39,11759
Artur,Patty,Male,38,91871
Inesita,Gasticke,Female,69,16932
Murial,McAughtry,Female,50,61244
Noelani,Bowie,Female,23,61664
Gordon,Cave,Male,49,34950
Gibby,Bacop,Male,53,36843
Gerry,Swate,Male,55,26622
De witt,Weldrake,Male,79,21668
Dewain,Spatari,Male,40,23134
Kimberley,Yerrell,Female,43,61781
Purcell,Brunsen,Male,61,35104
Gratiana,Maccari,Female,60,39239
Tod,Parvin,Male,71,56668
Corenda,Barnby,Female,26,11158
Ines,Josskowitz,Female,22,37561
Hillyer,Stegel,Male,38,13190
Gabriel,Jaycock,Male,23,24951
Gabriell,Lissandre,Female,43,64078
Melonie,Biggans,Female,76,69840
Theodora,Cokely,Female,29,10031
Moyna,Crichmer,Female,40,94169
Pammi,Ausello,Female,76,72167
Gretna,Guiver,Female,46,25338
Basile,Lilian,Male,79,69046
Genny,Oxterby,Female,15,18464
Stace,Lecount,Female,36,16871
Ludvig,Mayho,Bigender,47,18412
Leisha,Clissold,Female,18,49585
Pearce,Bellini,Male,49,73179
Lamar,Lehrian,Male,62,55583
Gifford,Thebe,Male,42,46901
Rana,Durrell,Female,17,18467
Auroora,Cammoile,Female,80,43420
Natty,Keems,Male,37,20466
Rhonda,Lahrs,Female,63,57452
Irv,Ewence,Male,67,60131
Amery,Grayer,Male,55,98652
Flem,Chaffen,Genderfluid,68,26017
Garald,Martinello,Male,68,73556
Letty,Aimer,Bigender,77,52264
Opal,Doey,Female,26,37828
Crystie,Duigan,Female,23,63358
Asa,Reburn,Non-binary,15,45524
Shirleen,Rosetti,Female,21,41778
Wolfie,Koschke,Male,22,44614
Barry,Camacho,Male,37,88324
Blanche,Burston,Female,40,33286
Brooke,Bullen,Male,58,74440
Francois,MacNelly,Male,32,68761
Toinette,Krates,Female,36,16721
Raymond,Spriggs,Male,66,62909
Desiri,Corrado,Agender,25,41967
Luciano,Keeney,Male,64,42042
Brynna,Spurling,Female,79,22493
Lanny,Drew-Clifton,Genderqueer,40,58110
Renell,Boig,Female,62,47538
Feliza,Brumwell,Female,28,22855
Arni,Bubeer,Male,16,24296
Annette,Flanne,Female,61,42872
Arly,Januszewski,Female,50,65158
Christiana,Biggen,Female,25,85821
Sabra,Woltman,Female,55,56586
Dwight,Vallintine,Male,54,75587
Delbert,Caughtry,Male,58,27976
Agnes,Paffley,Female,65,39707
Milt,Melody,Male,78,59032
Kristien,Walkden,Female,37,97399
Staffard,Leipoldt,Male,80,98425
Xenia,Brandsma,Female,27,77120
Kylie,Neilan,Male,35,41020
Felipe,Batkin,Male,24,16833
Mariejeanne,Whittingham,Female,51,91594
Phylys,Rawet,Female,59,40254
Rebeca,Jandera,Female,31,93973
Brendon,Whitehouse,Bigender,20,26882
Timothee,McFetrich,Male,25,89282
Codi,Fidgin,Male,58,73096
Valenka,Tolumello,Female,24,53257
Broddie,Merrien,Male,74,90318
Patric,Gravenor,Male,78,57948
Aleksandr,Lackey,Bigender,33,82980
Dayle,Ternent,Female,73,92050
Arney,Smallman,Male,32,69485
Emory,Poyser,Male,72,85316
Heinrik,Monan,Male,70,29767
Emlyn,Tathacott,Female,15,80441
Yettie,Mole,Female,45,98048
Penny,Colbran,Female,48,53202
Sawyer,Yakovliv,Male,46,10259
Abagail,Danzig,Female,26,29014
Vivi,Harlin,Female,60,46178
Lionello,Braisher,Male,65,22829
Marlee,Purle,Female,61,76005
Reinhard,Reston,Genderfluid,71,17948
Zelig,Macconaghy,Male,44,16339
Muire,Ridett,Female,44,25560
Jessamine,Di Franceschi,Female,74,31170
Darsey,Sleeny,Female,71,84343
Yale,Martusov,Male,70,77092
Antonietta,Laughton,Agender,60,22206
Wandis,Titley,Female,28,68021
Joanna,Mapson,Female,19,55957
Ingelbert,Fassam,Male,75,42752
Oby,Gert,Genderqueer,78,70265
Maddie,Pellissier,Male,16,13775
Camella,MacCawley,Female,27,51833
Alley,Maccrie,Male,48,30420
Annalise,Blench,Female,43,27653
Friedrick,Kleinmintz,Male,53,54205
Stavros,Millsap,Male,74,12089
Kirstin,Suddards,Female,52,39144
Kennan,Osgarby,Non-binary,24,34509
Rachele,Fardell,Female,79,70882
Danya,Gilbey,Female,28,22343
Yorker,Fronsek,Male,71,27365
Rosa,Heinsius,Female,46,97715
Layne,McEntagart,Female,62,66263
Poul,Glauber,Male,79,23297
Kirbie,Mence,Female,49,32619
Charyl,Hatcliffe,Female,46,46907
Hayward,Challener,Male,64,44586
Diego,Bohl,Male,65,45173
Calla,Cornejo,Female,21,18723
Jarrod,Pirouet,Male,19,57505
Alfred,Ealam,Male,31,50299
Gannon,Hardiman,Male,36,99458
Serge,Maffi,Male,47,25837
Loria,Stibbs,Polygender,24,97290
Ned,Wipper,Male,66,79302
Yoko,Gauford,Female,80,10742
Bernardina,Munkley,Female,27,64528
Coop,Scrowby,Male,44,70644
Rikki,Durran,Female,56,58853
Cati,Janse,Female,31,85994
Carin,Battershall,Female,24,39913
Morganne,Winney,Female,42,23905
Ashlan,Kiltie,Female,35,52728
Maggee,Tirone,Female,20,12436
Reynolds,Stanmer,Male,78,78508
Sherri,Rewbottom,Genderfluid,73,33568
Gusti,Zarfai,Agender,73,75160
Temple,Wormald,Male,70,79733
Maxie,Patria,Male,51,71282
Winny,Gosnoll,Male,72,76044
Hayyim,Corson,Male,43,90189
Merlina,MattiCCI,Female,51,34030
Carlene,Bridel,Female,63,50692
Gena,Tremoille,Female,75,96011
Alexandr,Ovitts,Male,58,49837
Alfi,Brockhurst,Genderfluid,52,43070
Winne,Frankcomb,Female,19,70872
Ethelred,Attock,Male,42,40038
Ferris,Boocock,Male,32,48639
Walden,Attrill,Male,40,64666
Niko,Hovell,Male,51,17140
Creighton,Housam,Male,22,65356
Dix,McTurk,Female,26,22627
Ceciley,Evenden,Female,53,23466
Zak,Corrison,Male,22,46610
Skell,Tyrrell,Male,74,18897
Peyter,Winckworth,Male,49,55654
Pascal,Amner,Male,38,62358
Currie,Ivell,Male,42,12369
Conway,Draye,Male,72,90227
Syd,Abramowitch,Male,79,44128
Mame,Rawlingson,Female,74,11365
Justina,Allbut,Female,45,37321
Mavra,Raoul,Female,55,62292
Bernardine,Hupe,Female,30,69483
Lyda,Punter,Female,46,16369
Coralyn,Inkster,Female,64,98840
Denyse,Winch,Female,50,74697
Darbie,Brasier,Female,58,56870
Shelly,Colliar,Female,74,52357
Hurleigh,Mowday,Male,34,97934
Allys,Hunton,Female,19,16795
Yovonnda,Engelmann,Female,26,93794
Dannel,Willmot,Male,44,18721
Johna,Martygin,Female,70,64926
Jo ann,Zaczek,Female,31,67905
Archaimbaud,Harnell,Male,57,22402
Van,Minthorpe,Non-binary,18,45773
Alice,Pygott,Female,53,95878
Niko,Crimes,Male,50,35055
Raviv,Speariett,Male,19,24621
Stearn,Mc Menamin,Male,74,86547
Dennis,Wragge,Agender,55,62988
Meryl,Lettington,Non-binary,36,61066
Osmond,Senett,Male,57,15158
Micah,Ranken,Male,77,75580
Koressa,Dalgarnocht,Female,25,24317
Zorina,Pickavant,Female,38,29222
Harper,Dammarell,Male,62,38776
Zabrina,Chate,Genderqueer,65,13711
Elaine,Bevens,Female,17,70519
Willie,Hullyer,Male,53,88342
Vinita,Bearns,Genderfluid,38,77386
Alfie,Roseburgh,Male,20,80848
Evita,Boosey,Female,23,28633
Jobey,Rakestraw,Female,71,73544
Shurwood,Sawyer,Male,49,95661
Les,Bullivent,Male,46,76878
Allistir,Stibbs,Male,57,97809
Elianora,Dominguez,Female,26,30690
Agata,McGriffin,Female,40,89714
Winn,Stagge,Male,41,89807
Janela,Worsley,Female,52,91446
Rufus,Greenshiels,Male,57,79907
William,Andreoletti,Agender,36,70721
Locke,Paoloni,Male,77,10141
Sharleen,Robart,Female,69,58283
Willey,Avieson,Male,49,70583
Katharine,Bradock,Female,58,82945
Florencia,Langmaid,Female,39,26747
Matthus,Saltmarsh,Male,21,76722
Myrtice,Tipler,Female,76,30659
Kristofer,McLeman,Male,79,24248
Kissiah,Gauchier,Polygender,19,68711
Maureene,Mesnard,Female,34,39317
Sydelle,Josskoviz,Female,66,76486
Benoite,Otham,Female,68,18897
Hanna,Louch,Female,51,71709
Carolee,Ducrow,Agender,29,53887
Arleta,Addey,Female,49,68366
Mariquilla,Mc Caghan,Female,65,95662
Elsa,Bezant,Female,70,39295
Bernadette,Maundrell,Female,44,36489
Karney,Mosedall,Male,67,96313
Nobe,Flade,Male,65,84703
Royal,England,Male,42,56363
Rancell,Gecke,Male,56,93240
Addy,Houndson,Female,36,95206
Mason,Chitter,Male,47,97269
Alyce,Drakes,Female,17,15283
Aurthur,Nizard,Male,19,41946
Giraud,Neising,Male,65,57929
Donall,Hellwing,Male,32,93460
Violette,McKew,Female,48,25031
Humfrid,Cheesworth,Male,66,30407
Bax,Enbury,Male,80,91355
Stu,Janecki,Agender,76,14480
Idelle,Macewan,Female,44,75066
Shayne,Ramsey,Female,25,34810
Chris,Custed,Male,64,62274
Daniella,Ygoe,Female,68,36935
Alvan,Maton,Male,26,12684
Kathi,Heaphy,Agender,70,86038
Menard,Frangello,Male,66,32841
Annadiane,Wickie,Female,66,32202
Englebert,Hairsnape,Male,57,78623
Lib,Glendining,Female,34,28884
Donnell,Mattessen,Male,25,24183
Pierre,Smithen,Male,46,49100
Sampson,Autie,Male,45,96638
Emelina,Armitt,Female,41,53042
Erastus,Sandey,Male,24,89593
Jeniffer,Morrilly,Female,41,81237
Sylas,Mizen,Male,74,57541
Claresta,Burnyate,Female,68,37267
Nettle,McAnulty,Female,30,72081
Agnella,Saich,Female,15,17230
Brennan,Sangra,Male,43,15524
Dennison,Skae,Male,50,18588
Arvy,Dreelan,Male,55,84128
Gale,Stavers,Male,49,34282
Cassandra,Giriardelli,Female,45,78173
Waylon,Lewsley,Polygender,41,47382
Philomena,Eccleshare,Female,35,94139
Pepillo,Philo,Male,64,37091
Chastity,Howton,Non-binary,50,34331
Ryun,Don,Male,65,18010
Adria,Pena,Female,40,90832
Etienne,Brunon,Male,41,83031
Normie,Ullock,Male,28,84820
Brynna,Roussel,Female,37,70790
Noella,Farquar,Female,34,43426
Staffard,Clandillon,Male,25,36134
Boniface,Gentle,Male,76,88199
Padraic,Yanin,Male,76,68414
Rici,Lankester,Female,41,94645
Verla,Surphliss,Agender,79,33159
Reese,Spong,Male,68,67941
Jo-anne,Safell,Female,57,28802
Nilson,Della,Male,30,65175
Revkah,Seven,Female,71,92423
Rufus,Layman,Male,55,72621
Ardyce,Giorgini,Female,19,55578
Kristien,Stemp,Female,61,45770
Eldin,Morat,Polygender,71,51717
Burt,Jardine,Male,45,90326
Latashia,Gricks,Female,23,95003
Bethina,Scammell,Agender,29,53329